e,PDF1,PDF2,PDF3
-0.20000000000000001,2.5,0.0,0.0
0.0,2.5,6.4672484811944786,8.8098526000976562
0.20000000000000001,2.5,0.0,0.0
